{
  "project_info": {
    "project_number": "667129071761",
    "firebase_url": "https://locationdemo-a79b9.firebaseio.com",
    "project_id": "locationdemo-a79b9",
    "storage_bucket": "locationdemo-a79b9.appspot.com"
  },
  "client": [
    {
      "client_info": {
        "mobilesdk_app_id": "1:667129071761:android:2256134baddbb3e4",
        "android_client_info": {
          "package_name": "com.example.moviereviews"
        }
      },
      "oauth_client": [
        {
          "client_id": "667129071761-al50m36ac44p877673g652gervukl51s.apps.googleusercontent.com",
          "client_type": 1,
          "android_info": {
            "package_name": "com.example.moviereviews",
            "certificate_hash": "ecc1f203ef55e3e2abfca59b59988401c72b67d6"
          }
        },
        {
          "client_id": "667129071761-cndptl7bctjicbn0lbt1ko8dqiqml8n9.apps.googleusercontent.com",
          "client_type": 3
        }
      ],
      "api_key": [
        {
          "current_key": "AIzaSyBCW0WuN6e3FQXVVwNkqtArKPOcN22ntF4"
        }
      ],
      "services": {
        "analytics_service": {
          "status": 1
        },
        "appinvite_service": {
          "status": 2,
          "other_platform_oauth_client": [
            {
              "client_id": "667129071761-cndptl7bctjicbn0lbt1ko8dqiqml8n9.apps.googleusercontent.com",
              "client_type": 3
            }
          ]
        },
        "ads_service": {
          "status": 2
        }
      }
    }
  ],
  "configuration_version": "1"
}