{
  "project_info": {
    "project_number": "851703101042",
    "firebase_url": "https://jalaj-63244.firebaseio.com",
    "project_id": "jalaj-63244",
    "storage_bucket": "jalaj-63244.appspot.com"
  },
  "client": [
    {
      "client_info": {
        "mobilesdk_app_id": "1:851703101042:android:b98c1b7723eb95ff",
        "android_client_info": {
          "package_name": "trainedge.firebasedemo"
        }
      },
      "oauth_client": [
        {
          "client_id": "851703101042-ergsp85tsn4fupknt3igvuj9ofmfac2h.apps.googleusercontent.com",
          "client_type": 1,
          "android_info": {
            "package_name": "trainedge.firebasedemo",
            "certificate_hash": "3db707341852791d86b87a2b1b20ccbc8119cbca"
          }
        },
        {
          "client_id": "851703101042-ntalq18qn3i68k5r09m5jkhg7lg8rjje.apps.googleusercontent.com",
          "client_type": 3
        }
      ],
      "api_key": [
        {
          "current_key": "AIzaSyD1FDJe7HRxyZmccOujp6uwKxcE4vQ1bQE"
        }
      ],
      "services": {
        "analytics_service": {
          "status": 1
        },
        "appinvite_service": {
          "status": 2,
          "other_platform_oauth_client": [
            {
              "client_id": "851703101042-ntalq18qn3i68k5r09m5jkhg7lg8rjje.apps.googleusercontent.com",
              "client_type": 3
            }
          ]
        },
        "ads_service": {
          "status": 2
        }
      }
    },
    {
      "client_info": {
        "mobilesdk_app_id": "1:851703101042:android:39cb0d49f6f52863",
        "android_client_info": {
          "package_name": "trainedge.crowd"
        }
      },
      "oauth_client": [
        {
          "client_id": "851703101042-8vf9liom6gq8jtl4tqp0nuq7dc9u8ook.apps.googleusercontent.com",
          "client_type": 1,
          "android_info": {
            "package_name": "trainedge.crowd",
            "certificate_hash": "3db707341852791d86b87a2b1b20ccbc8119cbca"
          }
        },
        {
          "client_id": "851703101042-ntalq18qn3i68k5r09m5jkhg7lg8rjje.apps.googleusercontent.com",
          "client_type": 3
        }
      ],
      "api_key": [
        {
          "current_key": "AIzaSyD1FDJe7HRxyZmccOujp6uwKxcE4vQ1bQE"
        }
      ],
      "services": {
        "analytics_service": {
          "status": 1
        },
        "appinvite_service": {
          "status": 2,
          "other_platform_oauth_client": [
            {
              "client_id": "851703101042-ntalq18qn3i68k5r09m5jkhg7lg8rjje.apps.googleusercontent.com",
              "client_type": 3
            }
          ]
        },
        "ads_service": {
          "status": 2
        }
      }
    }
  ],
  "configuration_version": "1"
}