{
  "project_info": {
    "project_number": "135612677068",
    "firebase_url": "https://friendlocater-27794.firebaseio.com",
    "project_id": "friendlocater-27794",
    "storage_bucket": "friendlocater-27794.appspot.com"
  },
  "client": [
    {
      "client_info": {
        "mobilesdk_app_id": "1:135612677068:android:e8aa4a89d27fb380",
        "android_client_info": {
          "package_name": "com.example.veeru.friendlocater"
        }
      },
      "oauth_client": [
        {
          "client_id": "135612677068-co0dq8ogl4limeqnoplsd7686md22j67.apps.googleusercontent.com",
          "client_type": 1,
          "android_info": {
            "package_name": "com.example.veeru.friendlocater",
            "certificate_hash": "96b09bc6a9009ca949634078d7dee636dc442381"
          }
        },
        {
          "client_id": "135612677068-ufgp1dui2os0gpigd9d1k2luvb6qmj18.apps.googleusercontent.com",
          "client_type": 3
        }
      ],
      "api_key": [
        {
          "current_key": "AIzaSyC1SdAZaVG-9MrJaiq-uZdMhPZpVLgV1bU"
        }
      ],
      "services": {
        "analytics_service": {
          "status": 1
        },
        "appinvite_service": {
          "status": 2,
          "other_platform_oauth_client": [
            {
              "client_id": "135612677068-ufgp1dui2os0gpigd9d1k2luvb6qmj18.apps.googleusercontent.com",
              "client_type": 3
            }
          ]
        },
        "ads_service": {
          "status": 2
        }
      }
    }
  ],
  "configuration_version": "1"
}