{
  "project_info": {
    "project_number": "831458249487",
    "firebase_url": "https://myapplication2-e2a8f.firebaseio.com",
    "project_id": "myapplication2-e2a8f",
    "storage_bucket": "myapplication2-e2a8f.appspot.com"
  },
  "client": [
    {
      "client_info": {
        "mobilesdk_app_id": "1:831458249487:android:0e2d3c623b8bbdad",
        "android_client_info": {
          "package_name": "trainedge.firebase"
        }
      },
      "oauth_client": [
        {
          "client_id": "831458249487-fgc70kplua15scmk0snj158dgpvdq7qe.apps.googleusercontent.com",
          "client_type": 1,
          "android_info": {
            "package_name": "trainedge.firebase",
            "certificate_hash": "c6884daf4a035e8f4ddbd865831d68e88d31a045"
          }
        },
        {
          "client_id": "831458249487-eckg4unpog7i8ec54knis4tuqpunc8ba.apps.googleusercontent.com",
          "client_type": 3
        }
      ],
      "api_key": [
        {
          "current_key": "AIzaSyBUo_niJ8gB7YQrhemRSW-n6UAL0yUXCl4"
        }
      ],
      "services": {
        "analytics_service": {
          "status": 1
        },
        "appinvite_service": {
          "status": 2,
          "other_platform_oauth_client": [
            {
              "client_id": "831458249487-eckg4unpog7i8ec54knis4tuqpunc8ba.apps.googleusercontent.com",
              "client_type": 3
            }
          ]
        },
        "ads_service": {
          "status": 2
        }
      }
    },
    {
      "client_info": {
        "mobilesdk_app_id": "1:831458249487:android:03a07ec892c65e71",
        "android_client_info": {
          "package_name": "trainedge.logindemo"
        }
      },
      "oauth_client": [
        {
          "client_id": "831458249487-cs031d6d4m9ts8vsqb366irljsg10kkt.apps.googleusercontent.com",
          "client_type": 1,
          "android_info": {
            "package_name": "trainedge.logindemo",
            "certificate_hash": "c6884daf4a035e8f4ddbd865831d68e88d31a045"
          }
        },
        {
          "client_id": "831458249487-eckg4unpog7i8ec54knis4tuqpunc8ba.apps.googleusercontent.com",
          "client_type": 3
        }
      ],
      "api_key": [
        {
          "current_key": "AIzaSyBUo_niJ8gB7YQrhemRSW-n6UAL0yUXCl4"
        }
      ],
      "services": {
        "analytics_service": {
          "status": 1
        },
        "appinvite_service": {
          "status": 2,
          "other_platform_oauth_client": [
            {
              "client_id": "831458249487-eckg4unpog7i8ec54knis4tuqpunc8ba.apps.googleusercontent.com",
              "client_type": 3
            }
          ]
        },
        "ads_service": {
          "status": 2
        }
      }
    },
    {
      "client_info": {
        "mobilesdk_app_id": "1:831458249487:android:db544de428cc59bd",
        "android_client_info": {
          "package_name": "trainedge.placer_demo"
        }
      },
      "oauth_client": [
        {
          "client_id": "831458249487-legtt26ohm7vdri8n0f7hgcf31mlmfak.apps.googleusercontent.com",
          "client_type": 1,
          "android_info": {
            "package_name": "trainedge.placer_demo",
            "certificate_hash": "c6884daf4a035e8f4ddbd865831d68e88d31a045"
          }
        },
        {
          "client_id": "831458249487-eckg4unpog7i8ec54knis4tuqpunc8ba.apps.googleusercontent.com",
          "client_type": 3
        }
      ],
      "api_key": [
        {
          "current_key": "AIzaSyBUo_niJ8gB7YQrhemRSW-n6UAL0yUXCl4"
        }
      ],
      "services": {
        "analytics_service": {
          "status": 1
        },
        "appinvite_service": {
          "status": 2,
          "other_platform_oauth_client": [
            {
              "client_id": "831458249487-eckg4unpog7i8ec54knis4tuqpunc8ba.apps.googleusercontent.com",
              "client_type": 3
            }
          ]
        },
        "ads_service": {
          "status": 2
        }
      }
    },
    {
      "client_info": {
        "mobilesdk_app_id": "1:831458249487:android:228702bdbd949739",
        "android_client_info": {
          "package_name": "trainedge.projecttrain"
        }
      },
      "oauth_client": [
        {
          "client_id": "831458249487-lkf5anr2nsb1r5ojiug9c7rmso0m4k2u.apps.googleusercontent.com",
          "client_type": 1,
          "android_info": {
            "package_name": "trainedge.projecttrain",
            "certificate_hash": "c6884daf4a035e8f4ddbd865831d68e88d31a045"
          }
        },
        {
          "client_id": "831458249487-eckg4unpog7i8ec54knis4tuqpunc8ba.apps.googleusercontent.com",
          "client_type": 3
        }
      ],
      "api_key": [
        {
          "current_key": "AIzaSyBUo_niJ8gB7YQrhemRSW-n6UAL0yUXCl4"
        }
      ],
      "services": {
        "analytics_service": {
          "status": 1
        },
        "appinvite_service": {
          "status": 2,
          "other_platform_oauth_client": [
            {
              "client_id": "831458249487-eckg4unpog7i8ec54knis4tuqpunc8ba.apps.googleusercontent.com",
              "client_type": 3
            }
          ]
        },
        "ads_service": {
          "status": 2
        }
      }
    },
    {
      "client_info": {
        "mobilesdk_app_id": "1:831458249487:android:800d958673850349",
        "android_client_info": {
          "package_name": "trainedge.touristloc"
        }
      },
      "oauth_client": [
        {
          "client_id": "831458249487-lcq3th074o4319bf7anigpc4tdgpobah.apps.googleusercontent.com",
          "client_type": 1,
          "android_info": {
            "package_name": "trainedge.touristloc",
            "certificate_hash": "c6884daf4a035e8f4ddbd865831d68e88d31a045"
          }
        },
        {
          "client_id": "831458249487-eckg4unpog7i8ec54knis4tuqpunc8ba.apps.googleusercontent.com",
          "client_type": 3
        }
      ],
      "api_key": [
        {
          "current_key": "AIzaSyBUo_niJ8gB7YQrhemRSW-n6UAL0yUXCl4"
        }
      ],
      "services": {
        "analytics_service": {
          "status": 1
        },
        "appinvite_service": {
          "status": 2,
          "other_platform_oauth_client": [
            {
              "client_id": "831458249487-eckg4unpog7i8ec54knis4tuqpunc8ba.apps.googleusercontent.com",
              "client_type": 3
            }
          ]
        },
        "ads_service": {
          "status": 2
        }
      }
    },
    {
      "client_info": {
        "mobilesdk_app_id": "1:831458249487:android:dfc97900ad95ef55",
        "android_client_info": {
          "package_name": "trainedge.receiverdemo"
        }
      },
      "oauth_client": [
        {
          "client_id": "831458249487-i0b4unmmohniba01q2mh1erojki0mr6m.apps.googleusercontent.com",
          "client_type": 1,
          "android_info": {
            "package_name": "trainedge.receiverdemo",
            "certificate_hash": "c6884daf4a035e8f4ddbd865831d68e88d31a045"
          }
        },
        {
          "client_id": "831458249487-eckg4unpog7i8ec54knis4tuqpunc8ba.apps.googleusercontent.com",
          "client_type": 3
        }
      ],
      "api_key": [
        {
          "current_key": "AIzaSyBUo_niJ8gB7YQrhemRSW-n6UAL0yUXCl4"
        }
      ],
      "services": {
        "analytics_service": {
          "status": 1
        },
        "appinvite_service": {
          "status": 2,
          "other_platform_oauth_client": [
            {
              "client_id": "831458249487-eckg4unpog7i8ec54knis4tuqpunc8ba.apps.googleusercontent.com",
              "client_type": 3
            }
          ]
        },
        "ads_service": {
          "status": 2
        }
      }
    }
  ],
  "configuration_version": "1"
}